{
  "project_info": {
    "project_number": "272819090705",
    "firebase_url": "https://translit-278118.firebaseio.com",
    "project_id": "translit-278118",
    "storage_bucket": "translit-278118.appspot.com"
  },
  "client": [
    {
      "client_info": {
        "mobilesdk_app_id": "1:272819090705:android:1d8136cf0c3a96664f48b0",
        "android_client_info": {
          "package_name": "kz.kaspi.translit"
        }
      },
      "oauth_client": [
        {
          "client_id": "272819090705-jnn7odsebcju8fp9if6hk1idf8ddasdv.apps.googleusercontent.com",
          "client_type": 1,
          "android_info": {
            "package_name": "kz.kaspi.translit",
            "certificate_hash": "6bea111a3073baff79709688e96e0ab444816c97"
          }
        },
        {
          "client_id": "272819090705-u04hgs4m88mv6tog9vu7se6n9q77c6c7.apps.googleusercontent.com",
          "client_type": 1,
          "android_info": {
            "package_name": "kz.kaspi.translit",
            "certificate_hash": "d8f9acd965a744c9f311f586b5a44028f598f613"
          }
        },
        {
          "client_id": "272819090705-h5sgdok0d9tk5qg1nene4vj2nf616d29.apps.googleusercontent.com",
          "client_type": 3
        }
      ],
      "api_key": [
        {
          "current_key": "AIzaSyCajvp1Wbair8unZtmB89vKlErCLGDTqH4"
        }
      ],
      "services": {
        "appinvite_service": {
          "other_platform_oauth_client": [
            {
              "client_id": "272819090705-h5sgdok0d9tk5qg1nene4vj2nf616d29.apps.googleusercontent.com",
              "client_type": 3
            }
          ]
        }
      }
    }
  ],
  "configuration_version": "1"
}